EmployeeName	EmployeeId	DateOfMonth	DailyStartTime	DailyEndTime
Payal	114401	03/05/2021	10:00	18:12
Suraj	114402	03/05/2021	11:00	17:30
Dheeraj	114403	03/05/2021	08:00	19:30
Neeraj	114404	04/05/2021	13:00	21:30
Suraj	114402	04/05/2021	12:00	18:54
Payal	114401	04/05/2021	8:00	14:12
Payal	114401	05/05/2021	11:00	18:12
Dheeraj	114403	05/05/2021	11:00	14:30
Neeraj	114404	05/05/2021	08:00	17:30
Payal	114401	06/05/2021	10:00	18:12
Suraj	114402	06/05/2021	11:00	17:30
Dheeraj	114403	06/05/2021	08:00	19:30
Neeraj	114404	06/05/2021	13:00	21:30
Payal	114401	07/05/2021	13:00	20:12
Suraj	114402	07/05/2021	09:00	17:30
Dheeraj	114403	07/05/2021	08:00	18:30
Neeraj	114404	07/05/2021	12:00	21:30
Payal	114401	08/05/2021	12:00	14:12
Suraj	114402	08/05/2021	08:00	16:30
Dheeraj	114403	08/05/2021	08:00	13:30
Neeraj	114404	08/05/2021	14:00	23:30
Payal	114401	09/05/2021	09:30	14:12
Suraj	114402	09/05/2021	08:50	17:30
Dheeraj	114403	09/05/2021	11:40	19:30
Neeraj	114404	09/05/2021	10:00	19:00
Payal	114401	10/05/2021	12:00	21:12
Suraj	114402	10/05/2021	15:00	21:30
Dheeraj	114403	10/05/2021	10:00	19:00
Neeraj	114404	10/05/2021	09:00	18:00







